Student_ID,Student_Age,Sex,High_School_Type,Scholarship,Additional_Work,Sports_activity,Transportation,Weekly_Study_Hours,Attendance,Reading,Notes,Listening_in_Class,Project_work,Grade
STUDENT1,19-22,Male,State,50%,Yes,No,Private,0,Always,Yes,Yes,No,No,A
STUDENT2,19-22,Male,State,50%,Yes,No,Private,0,Always,Yes,No,Yes,Yes,A
STUDENT3,19-22,Male,State,50%,No,No,Private,2,Never,No,No,No,Yes,A
STUDENT4,18,Female,Private,50%,Yes,No,Bus,2,Always,No,Yes,No,No,A
STUDENT5,19-22,Male,Private,50%,No,No,Bus,12,Always,Yes,No,Yes,Yes,A
STUDENT6,19-22,Male,State,50%,No,No,Private,2,Always,Yes,No,Yes,Yes,B
STUDENT7,18,Male,State,75%,No,No,Private,0,Always,No,Yes,Yes,Yes,C
STUDENT8,18,Female,State,50%,Yes,Yes,Bus,2,Sometimes,No,Yes,Yes,Yes,B
STUDENT9,19-22,Female,State,50%,No,Yes,Bus,0,Always,No,No,No,Yes,C
STUDENT10,19-22,Female,State,50%,No,No,Bus,12,Never,No,Yes,No,No,C
STUDENT11,18,Female,Private,50%,No,No,Private,12,Sometimes,No,No,No,Yes,B
STUDENT12,18,Female,Private,75%,Yes,Yes,Private,8,Sometimes,No,Yes,No,Yes,C
STUDENT13,18,Female,Private,75%,No,No,Private,0,Always,Yes,No,No,No,C
STUDENT14,19-22,Female,State,100%,No,No,Private,0,Always,Yes,No,No,Yes,A
STUDENT15,23-27,Male,State,75%,Yes,Yes,Private,12,Never,No,No,Yes,Yes,B
STUDENT16,19-22,Male,State,50%,No,No,Private,0,Always,No,Yes,No,Yes,B
STUDENT17,18,Female,State,100%,No,Yes,Private,0,Always,Yes,No,No,No,A
STUDENT18,19-22,Male,State,50%,No,No,Private,0,Always,Yes,No,No,Yes,B
STUDENT19,18,Female,State,75%,No,No,Private,12,Always,Yes,No,No,No,B
STUDENT20,18,Male,Private,50%,No,No,Bus,2,Sometimes,No,No,Yes,No,B
STUDENT21,18,Male,State,100%,Yes,No,Bus,0,Never,No,No,Yes,No,A
STUDENT22,18,Male,State,100%,No,No,Bus,0,Never,No,No,No,No,A
STUDENT23,19-22,Male,State,50%,Yes,No,Bus,0,Always,Yes,Yes,Yes,No,B
STUDENT24,23-27,Male,State,25%,Yes,Yes,Private,12,Always,Yes,Yes,No,No,A
STUDENT25,19-22,Male,State,50%,No,No,Private,2,Always,Yes,No,Yes,No,B
STUDENT26,19-22,Male,State,50%,No,No,Bus,0,Always,No,Yes,No,No,B
STUDENT27,19-22,Male,State,50%,No,Yes,Bus,0,Always,Yes,Yes,No,No,A
STUDENT28,18,Male,Private,50%,Yes,No,Private,0,Always,Yes,Yes,Yes,No,A
STUDENT29,23-27,Male,State,50%,No,No,Bus,0,Never,No,No,No,No,B
STUDENT30,19-22,Male,State,75%,No,No,Private,0,Never,No,No,Yes,Yes,C
STUDENT31,19-22,Male,State,100%,Yes,Yes,Bus,0,Always,No,Yes,Yes,No,C
STUDENT32,23-27,Male,State,50%,Yes,No,Private,0,Always,No,Yes,No,No,B
STUDENT33,19-22,Female,State,50%,No,No,Private,2,Always,Yes,No,No,Yes,A
STUDENT34,19-22,Female,State,50%,Yes,No,Bus,0,Always,Yes,Yes,No,No,B
STUDENT35,18,Male,Private,50%,No,No,Bus,2,Always,Yes,No,Yes,No,B
STUDENT36,18,Male,Private,75%,No,No,Private,12,Always,Yes,Yes,No,No,A
STUDENT37,19-22,Male,Private,75%,Yes,No,Bus,12,Always,Yes,Yes,Yes,Yes,B
STUDENT38,19-22,Male,State,50%,Yes,Yes,Bus,2,Sometimes,No,No,Yes,Yes,A
STUDENT39,19-22,Male,State,100%,No,No,Private,0,Always,Yes,No,Yes,Yes,B
STUDENT40,19-22,Female,State,50%,No,No,Bus,0,Always,No,Yes,Yes,Yes,A
STUDENT41,18,Male,Private,50%,No,No,Private,2,Always,Yes,No,Yes,Yes,A
STUDENT42,23-27,Male,State,50%,Yes,No,Private,2,Always,No,Yes,No,Yes,A
STUDENT43,19-22,Male,State,50%,No,Yes,Private,0,Never,No,Yes,No,Yes,A
STUDENT44,18,Male,State,50%,No,No,Bus,0,Always,Yes,No,Yes,No,C
STUDENT45,19-22,Male,State,50%,No,No,Bus,0,Always,Yes,Yes,Yes,Yes,A
STUDENT46,18,Male,State,50%,No,No,Bus,8,Always,Yes,No,Yes,No,B
STUDENT47,19-22,Male,State,50%,No,No,Bus,0,Always,Yes,Yes,No,No,C
STUDENT48,19-22,Male,State,50%,No,No,Bus,0,Always,No,Yes,Yes,Yes,B
STUDENT49,18,Male,State,50%,No,Yes,Bus,0,Always,No,No,Yes,No,A
STUDENT50,18,Male,Private,75%,No,No,Private,2,Never,Yes,No,Yes,Yes,B
STUDENT51,19-22,Male,State,50%,No,No,Bus,2,Sometimes,Yes,Yes,Yes,Yes,A
STUDENT52,19-22,Female,State,50%,Yes,Yes,Private,0,Always,Yes,Yes,No,No,C
STUDENT53,19-22,Female,State,50%,Yes,No,Private,2,Always,Yes,Yes,Yes,No,A
STUDENT54,19-22,Female,State,50%,No,Yes,Private,2,Always,Yes,Yes,Yes,No,C
STUDENT55,19-22,Male,State,50%,No,No,Private,12,Never,No,Yes,No,Yes,B
STUDENT56,23-27,Male,State,50%,Yes,No,Bus,8,Always,No,Yes,Yes,No,B
STUDENT57,19-22,Male,State,50%,No,Yes,Private,0,Always,Yes,Yes,Yes,No,C
STUDENT58,19-22,Male,State,50%,Yes,Yes,Private,0,Always,Yes,Yes,No,No,C
STUDENT59,23-27,Male,State,50%,No,No,Bus,12,Always,Yes,Yes,Yes,No,B
STUDENT60,19-22,Male,State,50%,No,Yes,Bus,0,Always,Yes,Yes,No,No,C
STUDENT61,19-22,Female,State,50%,No,No,Private,12,Sometimes,Yes,Yes,Yes,No,B
STUDENT62,18,Male,State,50%,No,Yes,Private,2,Always,No,Yes,Yes,No,C
STUDENT63,19-22,Male,State,50%,No,No,Private,0,Never,No,No,Yes,Yes,B
STUDENT64,19-22,Male,State,75%,No,No,Bus,2,Always,Yes,Yes,Yes,No,C
STUDENT65,19-22,Male,State,100%,No,No,Private,0,Always,Yes,No,No,Yes,B
STUDENT66,18,Male,State,50%,No,No,Bus,12,Always,Yes,No,No,No,B
STUDENT67,19-22,Male,State,50%,No,No,Bus,0,Always,Yes,No,No,No,C
STUDENT68,19-22,Male,State,50%,Yes,Yes,Private,12,Always,No,No,No,No,A
STUDENT69,19-22,Female,State,75%,Yes,No,Private,0,Always,Yes,No,Yes,No,C
STUDENT70,19-22,Female,State,75%,No,No,Bus,0,Always,Yes,No,No,Yes,C
STUDENT71,18,Male,State,75%,No,Yes,Bus,0,Always,Yes,Yes,Yes,Yes,C
STUDENT72,18,Female,State,75%,No,No,Private,0,Always,No,Yes,Yes,No,C
STUDENT73,18,Male,State,50%,No,Yes,Bus,0,Always,No,Yes,Yes,Yes,C
STUDENT74,19-22,Male,State,75%,No,No,Private,0,Always,No,Yes,Yes,No,C
STUDENT75,18,Male,State,75%,No,No,Private,0,Always,Yes,No,No,No,C
STUDENT76,18,Male,State,75%,No,Yes,Private,0,Always,No,Yes,No,No,C
STUDENT77,19-22,Male,Private,25%,No,Yes,Private,2,Always,Yes,Yes,No,No,C
STUDENT78,18,Male,Private,25%,No,No,Bus,2,Sometimes,No,Yes,No,Yes,C
STUDENT79,19-22,Female,State,75%,Yes,Yes,Private,0,Always,Yes,Yes,Yes,No,C
STUDENT80,19-22,Male,State,75%,No,No,Private,0,Always,Yes,Yes,Yes,No,C
STUDENT81,19-22,Female,State,50%,Yes,No,Bus,0,Sometimes,Yes,Yes,Yes,Yes,C
STUDENT82,23-27,Male,State,50%,Yes,No,Private,0,Always,No,Yes,No,No,B
STUDENT83,19-22,Male,State,75%,Yes,No,Bus,2,Always,Yes,No,Yes,No,C
STUDENT84,19-22,Male,State,50%,No,No,Private,12,Always,Yes,Yes,No,Yes,C
STUDENT85,23-27,Male,State,50%,Yes,No,Bus,12,Always,No,Yes,No,No,C
STUDENT86,18,Male,State,100%,No,No,Private,2,Always,Yes,Yes,Yes,No,C
STUDENT87,19-22,Male,State,75%,No,No,Private,0,Never,No,No,Yes,Yes,C
STUDENT88,19-22,Male,State,50%,No,Yes,Private,2,Always,Yes,No,No,Yes,C
STUDENT89,18,Male,State,75%,No,Yes,Bus,0,Always,Yes,Yes,No,Yes,C
STUDENT90,19-22,Male,State,50%,No,No,Private,0,Always,Yes,No,No,No,C
STUDENT91,19-22,Female,State,50%,No,Yes,Bus,0,Sometimes,No,No,Yes,Yes,C
STUDENT92,19-22,Male,State,100%,Yes,Yes,Bus,0,Always,No,Yes,Yes,No,C
STUDENT93,18,Male,State,50%,No,No,Private,0,Always,Yes,No,No,No,C
STUDENT94,18,Male,State,None,Yes,No,Bus,0,Always,No,Yes,No,No,C
STUDENT95,19-22,Male,State,50%,No,No,Bus,0,Always,Yes,No,No,No,C
STUDENT96,18,Male,State,100%,Yes,Yes,Bus,0,Sometimes,No,No,No,Yes,C
STUDENT97,18,Male,State,75%,No,Yes,Bus,0,Sometimes,No,No,No,No,C
STUDENT98,18,Male,State,75%,Yes,No,Private,0,Always,No,No,Yes,No,C
STUDENT99,18,Male,State,75%,No,Yes,Private,0,Never,No,No,No,Yes,C
STUDENT100,19-22,Male,State,50%,No,No,Private,0,Never,No,No,No,Yes,C
STUDENT101,18,Male,State,75%,No,No,Private,0,Sometimes,No,Yes,Yes,Yes,C
STUDENT102,18,Male,State,75%,No,No,Bus,2,Always,No,No,Yes,Yes,C
STUDENT103,18,Male,State,50%,No,No,Bus,0,Always,No,No,Yes,Yes,C
STUDENT104,18,Male,Private,75%,No,No,Bus,12,Always,No,Yes,Yes,No,C
STUDENT105,18,Female,State,50%,No,No,Private,0,Sometimes,No,Yes,No,Yes,B
STUDENT106,18,Male,State,75%,Yes,Yes,Private,0,Always,Yes,No,No,No,C
STUDENT107,18,Male,State,75%,No,Yes,Private,0,Always,No,No,No,Yes,C
STUDENT108,18,Female,State,75%,Yes,Yes,Private,0,Always,No,Yes,Yes,No,C
STUDENT109,19-22,Female,Private,100%,No,Yes,Private,2,Sometimes,Yes,Yes,No,Yes,C
STUDENT110,18,Male,Private,50%,No,Yes,Bus,0,Sometimes,No,Yes,No,Yes,C
STUDENT111,19-22,Male,State,50%,No,No,Private,2,Never,No,Yes,No,Yes,B
STUDENT112,18,Female,Private,100%,No,Yes,Private,0,Always,No,No,Yes,Yes,B
STUDENT113,19-22,Female,Private,50%,Yes,No,Private,0,Always,No,Yes,Yes,Yes,B
STUDENT114,19-22,Female,Private,50%,No,No,Private,0,Never,No,Yes,No,Yes,A
STUDENT115,19-22,Female,State,100%,Yes,Yes,Private,8,Always,Yes,Yes,Yes,Yes,B
STUDENT116,19-22,Female,State,100%,Yes,No,Bus,0,Always,Yes,Yes,Yes,Yes,A
STUDENT117,19-22,Female,State,100%,No,No,Private,0,Always,Yes,Yes,Yes,No,A
STUDENT118,23-27,Female,Private,50%,No,Yes,Private,0,Always,No,Yes,No,Yes,A
STUDENT119,18,Male,State,100%,No,Yes,Bus,0,Never,No,Yes,No,No,A
STUDENT120,19-22,Female,State,75%,No,Yes,Private,0,Always,No,No,Yes,Yes,B
STUDENT121,19-22,Female,Private,50%,Yes,Yes,Bus,2,Sometimes,No,No,Yes,Yes,A
STUDENT122,19-22,Female,State,50%,Yes,Yes,Bus,0,Sometimes,Yes,Yes,Yes,No,C
STUDENT123,18,Male,State,100%,No,Yes,Private,0,Always,Yes,No,Yes,Yes,B
STUDENT124,19-22,Female,State,50%,No,No,Private,12,Always,Yes,No,No,No,A
STUDENT125,18,Female,State,75%,Yes,Yes,Bus,0,Always,No,No,Yes,Yes,B
STUDENT126,18,Female,State,100%,Yes,Yes,Private,0,Always,No,Yes,Yes,No,B
STUDENT127,18,Female,Private,75%,Yes,Yes,Bus,12,Sometimes,No,Yes,Yes,Yes,B
STUDENT128,18,Female,State,75%,No,No,Private,0,Never,No,No,No,Yes,A
STUDENT129,18,Female,State,75%,No,Yes,Bus,0,Never,No,No,No,Yes,C
STUDENT130,18,Female,State,50%,Yes,Yes,Private,0,Always,Yes,Yes,Yes,No,B
STUDENT131,18,Female,State,50%,Yes,Yes,Private,0,Always,Yes,Yes,No,No,A
STUDENT132,18,Female,Private,100%,No,Yes,Private,0,Sometimes,No,Yes,Yes,Yes,C
STUDENT133,18,Female,Private,100%,No,Yes,Private,0,Always,No,Yes,No,No,B
STUDENT134,18,Female,State,100%,No,No,Bus,0,Always,Yes,Yes,Yes,Yes,B
STUDENT135,18,Female,State,75%,No,Yes,Private,0,Sometimes,No,Yes,Yes,Yes,A
STUDENT136,19-22,Female,State,50%,Yes,Yes,Private,0,Never,No,No,Yes,Yes,B
STUDENT137,18,Female,State,50%,Yes,Yes,Bus,0,Sometimes,No,No,Yes,No,C
STUDENT138,18,Female,Private,100%,No,Yes,Private,0,Always,Yes,No,No,Yes,B
STUDENT139,18,Female,State,75%,Yes,Yes,Bus,12,Sometimes,No,No,Yes,Yes,C
STUDENT140,18,Female,State,75%,Yes,No,Bus,2,Sometimes,No,No,Yes,Yes,C
STUDENT141,19-22,Female,State,50%,Yes,Yes,Private,0,Always,No,Yes,No,Yes,C
STUDENT142,18,Female,State,75%,No,No,Private,0,Never,No,Yes,Yes,No,C
STUDENT143,18,Female,Private,75%,No,No,Private,0,Always,Yes,No,No,No,A
STUDENT144,19-22,Female,State,75%,Yes,Yes,Bus,12,Sometimes,No,Yes,No,Yes,C
STUDENT145,18,Female,Private,100%,No,No,Private,12,Always,Yes,No,Yes,No,B
STUDENT146,19-22,Male,State,61%,Yes,No,Private,0,Always,Yes,Yes,No,No,A
STUDENT147,19-22,Male,State,61%,Yes,No,Private,0,Always,Yes,No,Yes,Yes,A
STUDENT148,19-22,Male,State,61%,No,No,Private,2,Never,No,No,No,Yes,A
STUDENT149,19,Female,Private,61%,Yes,No,Bus,2,Always,No,Yes,No,No,A
STUDENT150,19-22,Male,Private,61%,No,No,Bus,12,Always,Yes,No,Yes,Yes,A
STUDENT151,19-22,Male,State,61%,No,No,Private,2,Always,Yes,No,Yes,Yes,B
STUDENT152,18,Male,State,61%,No,No,Private,0,Always,No,Yes,Yes,Yes,C
STUDENT153,18,Female,State,61%,Yes,Yes,Bus,2,Sometimes,No,Yes,Yes,Yes,B
STUDENT154,19-22,Female,State,61%,No,Yes,Bus,0,Always,No,No,No,Yes,C
STUDENT155,19-22,Female,State,61%,No,No,Bus,12,Never,No,Yes,No,No,C
STUDENT156,18,Female,Private,61%,No,No,Private,12,Sometimes,No,No,No,Yes,B
STUDENT157,18,Female,Private,61%,Yes,Yes,Private,8,Sometimes,No,Yes,No,Yes,C
STUDENT158,18,Female,Private,61%,No,No,Private,0,Always,Yes,No,No,No,C
STUDENT159,19-23,Female,State,61%,No,No,Private,0,Always,Yes,No,No,Yes,A
STUDENT160,23-28,Male,State,61%,Yes,Yes,Private,12,Never,No,No,Yes,Yes,B
STUDENT161,19-23,Male,State,61%,No,No,Private,0,Always,No,Yes,No,Yes,B
STUDENT162,19,Female,State,61%,No,Yes,Private,0,Always,Yes,No,No,No,A
STUDENT163,19-23,Male,State,61%,No,No,Private,0,Always,Yes,No,No,Yes,B
STUDENT164,18,Female,State,61%,No,No,Private,12,Always,Yes,No,No,No,B
STUDENT165,18,Male,Private,62%,No,No,Bus,2,Sometimes,No,No,Yes,No,B
STUDENT166,18,Male,State,62%,Yes,No,Bus,0,Never,No,No,Yes,No,A
STUDENT167,18,Male,State,62%,No,No,Bus,0,Never,No,No,No,No,A
STUDENT168,19-23,Male,State,62%,Yes,No,Bus,0,Always,Yes,Yes,Yes,No,B
STUDENT169,23-28,Male,State,62%,Yes,Yes,Private,12,Always,Yes,Yes,No,No,A
STUDENT170,19-22,Male,State,62%,No,No,Private,2,Always,Yes,No,Yes,No,B
STUDENT171,19-22,Male,State,62%,No,No,Bus,0,Always,No,Yes,No,No,B
STUDENT172,19-22,Male,State,62%,No,Yes,Bus,0,Always,Yes,Yes,No,No,A
STUDENT173,19,Male,Private,62%,Yes,No,Private,0,Always,Yes,Yes,Yes,No,A
STUDENT174,23-28,Male,State,62%,No,No,Bus,0,Never,No,No,No,No,B
STUDENT175,19-22,Male,State,62%,No,No,Private,0,Never,No,No,Yes,Yes,C
STUDENT176,19-22,Male,State,62%,Yes,Yes,Bus,0,Always,No,Yes,Yes,No,C
STUDENT177,23-28,Male,State,62%,Yes,No,Private,0,Always,No,Yes,No,No,B
STUDENT178,19-22,Female,State,62%,No,No,Private,2,Always,Yes,No,No,Yes,A
STUDENT179,19-22,Female,State,62%,Yes,No,Bus,0,Always,Yes,Yes,No,No,B
STUDENT180,18,Male,Private,62%,No,No,Bus,2,Always,Yes,No,Yes,No,B
STUDENT181,18,Male,Private,62%,No,No,Private,12,Always,Yes,Yes,No,No,A
STUDENT182,19-22,Male,Private,62%,Yes,No,Bus,12,Always,Yes,Yes,Yes,Yes,B
STUDENT183,19-22,Male,State,62%,Yes,Yes,Bus,2,Sometimes,No,No,Yes,Yes,A
STUDENT184,19-22,Male,State,62%,No,No,Private,0,Always,Yes,No,Yes,Yes,B
STUDENT185,19-22,Female,State,62%,No,No,Bus,0,Always,No,Yes,Yes,Yes,A
STUDENT186,19,Male,Private,62%,No,No,Private,2,Always,Yes,No,Yes,Yes,A
STUDENT187,23-28,Male,State,62%,Yes,No,Private,2,Always,No,Yes,No,Yes,A
STUDENT188,19-23,Male,State,62%,No,Yes,Private,0,Never,No,Yes,No,Yes,A
STUDENT189,19,Male,State,62%,No,No,Bus,0,Always,Yes,No,Yes,No,C
STUDENT190,19-23,Male,State,62%,No,No,Bus,0,Always,Yes,Yes,Yes,Yes,A
STUDENT191,19,Male,State,62%,No,No,Bus,8,Always,Yes,No,Yes,No,B
STUDENT192,19-22,Male,State,62%,No,No,Bus,0,Always,Yes,Yes,No,No,C
STUDENT193,19-22,Male,State,62%,No,No,Bus,0,Always,No,Yes,Yes,Yes,B
STUDENT194,18,Male,State,62%,No,Yes,Bus,0,Always,No,No,Yes,No,A
STUDENT195,18,Male,Private,62%,No,No,Private,2,Never,Yes,No,Yes,Yes,B
STUDENT196,19-22,Male,State,62%,No,No,Bus,2,Sometimes,Yes,Yes,Yes,Yes,A
STUDENT197,19-22,Female,State,62%,Yes,Yes,Private,0,Always,Yes,Yes,No,No,C
STUDENT198,19-22,Female,State,62%,Yes,No,Private,2,Always,Yes,Yes,Yes,No,A
STUDENT199,19-22,Female,State,62%,No,Yes,Private,2,Always,Yes,Yes,Yes,No,C
STUDENT200,19-22,Male,State,62%,No,No,Private,12,Never,No,Yes,No,Yes,B
STUDENT201,23-28,Male,State,62%,Yes,No,Bus,8,Always,No,Yes,Yes,No,B
STUDENT202,19-22,Male,State,62%,No,Yes,Private,0,Always,Yes,Yes,Yes,No,C
STUDENT203,19-22,Male,State,62%,Yes,Yes,Private,0,Always,Yes,Yes,No,No,C
STUDENT204,23-28,Male,State,62%,No,No,Bus,12,Always,Yes,Yes,Yes,No,B
STUDENT205,19-22,Male,State,62%,No,Yes,Bus,0,Always,Yes,Yes,No,No,C
STUDENT206,19-22,Female,State,63%,No,No,Private,12,Sometimes,Yes,Yes,Yes,No,B
STUDENT207,19,Male,State,63%,No,Yes,Private,2,Always,No,Yes,Yes,No,C
STUDENT208,19-22,Male,State,63%,No,No,Private,0,Never,No,No,Yes,Yes,B
STUDENT209,19-22,Male,State,63%,No,No,Bus,2,Always,Yes,Yes,Yes,No,C
STUDENT210,19-22,Male,State,63%,No,No,Private,0,Always,Yes,No,No,Yes,B
STUDENT211,19,Male,State,63%,No,No,Bus,12,Always,Yes,No,No,No,B
STUDENT212,19-22,Male,State,63%,No,No,Bus,0,Always,Yes,No,No,No,C
STUDENT213,19-22,Male,State,63%,Yes,Yes,Private,12,Always,No,No,No,No,A
STUDENT214,19-22,Female,State,63%,Yes,No,Private,0,Always,Yes,No,Yes,No,C
STUDENT215,19-22,Female,State,63%,No,No,Bus,0,Always,Yes,No,No,Yes,C
STUDENT216,18,Male,State,63%,No,Yes,Bus,0,Always,Yes,Yes,Yes,Yes,C
STUDENT217,18,Female,State,63%,No,No,Private,0,Always,No,Yes,Yes,No,C
STUDENT218,18,Male,State,63%,No,Yes,Bus,0,Always,No,Yes,Yes,Yes,C
STUDENT219,19-23,Male,State,63%,No,No,Private,0,Always,No,Yes,Yes,No,C
STUDENT220,18,Male,State,63%,No,No,Private,0,Always,Yes,No,No,No,C
STUDENT221,18,Male,State,63%,No,Yes,Private,0,Always,No,Yes,No,No,C
STUDENT222,19-23,Male,Private,63%,No,Yes,Private,2,Always,Yes,Yes,No,No,C
STUDENT223,19,Male,Private,63%,No,No,Bus,2,Sometimes,No,Yes,No,Yes,C
STUDENT224,19-22,Female,State,63%,Yes,Yes,Private,0,Always,Yes,Yes,Yes,No,C
STUDENT225,19-22,Male,State,63%,No,No,Private,0,Always,Yes,Yes,Yes,No,C
STUDENT226,19-22,Female,State,63%,Yes,No,Bus,0,Sometimes,Yes,Yes,Yes,Yes,C
STUDENT227,23-28,Male,State,63%,Yes,No,Private,0,Always,No,Yes,No,No,B
STUDENT228,19-22,Male,State,63%,Yes,No,Bus,2,Always,Yes,No,Yes,No,C
STUDENT229,19-22,Male,State,63%,No,No,Private,12,Always,Yes,Yes,No,Yes,C
STUDENT230,23-28,Male,State,63%,Yes,No,Bus,12,Always,No,Yes,No,No,C
STUDENT231,19,Male,State,63%,No,No,Private,2,Always,Yes,Yes,Yes,No,C
STUDENT232,19-22,Male,State,63%,No,No,Private,0,Never,No,No,Yes,Yes,C
STUDENT233,19-22,Male,State,63%,No,Yes,Private,2,Always,Yes,No,No,Yes,C
STUDENT234,19,Male,State,63%,No,Yes,Bus,0,Always,Yes,Yes,No,Yes,C
STUDENT235,19-22,Male,State,63%,No,No,Private,0,Always,Yes,No,No,No,C
STUDENT236,19-22,Female,State,63%,No,Yes,Bus,0,Sometimes,No,No,Yes,Yes,C
STUDENT237,19-22,Male,State,63%,Yes,Yes,Bus,0,Always,No,Yes,Yes,No,C
STUDENT238,18,Male,State,63%,No,No,Private,0,Always,Yes,No,No,No,C
STUDENT239,18,Male,State,None,Yes,No,Bus,0,Always,No,Yes,No,No,C
STUDENT240,19-23,Male,State,77%,No,No,Bus,0,Always,Yes,No,No,No,C
STUDENT241,18,Male,State,77%,Yes,Yes,Bus,0,Sometimes,No,No,No,Yes,C
STUDENT242,18,Male,State,78%,No,Yes,Bus,0,Sometimes,No,No,No,No,C
STUDENT243,18,Male,State,78%,Yes,No,Private,0,Always,No,No,Yes,No,C
STUDENT244,18,Male,State,78%,No,Yes,Private,0,Never,No,No,No,Yes,C
STUDENT245,19-23,Male,State,78%,No,No,Private,0,Never,No,No,No,Yes,C
STUDENT246,18,Male,State,78%,No,No,Private,0,Sometimes,No,Yes,Yes,Yes,C
STUDENT247,18,Male,State,78%,No,No,Bus,2,Always,No,No,Yes,Yes,C
STUDENT248,18,Male,State,78%,No,No,Bus,0,Always,No,No,Yes,Yes,C
STUDENT249,18,Male,Private,79%,No,No,Bus,12,Always,No,Yes,Yes,No,C
STUDENT250,18,Female,State,79%,No,No,Private,0,Sometimes,No,Yes,No,Yes,B
STUDENT251,18,Male,State,79%,Yes,Yes,Private,0,Always,Yes,No,No,No,C
STUDENT252,18,Male,State,79%,No,Yes,Private,0,Always,No,No,No,Yes,C
STUDENT253,18,Female,State,79%,Yes,Yes,Private,0,Always,No,Yes,Yes,No,C
STUDENT254,19-23,Female,Private,79%,No,Yes,Private,2,Sometimes,Yes,Yes,No,Yes,C
STUDENT255,19,Male,Private,79%,No,Yes,Bus,0,Sometimes,No,Yes,No,Yes,C
STUDENT256,19-23,Male,State,80%,No,No,Private,2,Never,No,Yes,No,Yes,B
STUDENT257,19,Female,Private,80%,No,Yes,Private,0,Always,No,No,Yes,Yes,B
STUDENT258,19-22,Female,Private,80%,Yes,No,Private,0,Always,No,Yes,Yes,Yes,B
STUDENT259,19-22,Female,Private,80%,No,No,Private,0,Never,No,Yes,No,Yes,A
STUDENT260,19-22,Female,State,80%,Yes,Yes,Private,8,Always,Yes,Yes,Yes,Yes,B
STUDENT261,19-22,Female,State,80%,Yes,No,Bus,0,Always,Yes,Yes,Yes,Yes,A
STUDENT262,19-22,Female,State,80%,No,No,Private,0,Always,Yes,Yes,Yes,No,A
STUDENT263,23-28,Female,Private,81%,No,Yes,Private,0,Always,No,Yes,No,Yes,A
STUDENT264,19,Male,State,81%,No,Yes,Bus,0,Never,No,Yes,No,No,A
STUDENT265,19-22,Female,State,81%,No,Yes,Private,0,Always,No,No,Yes,Yes,B
STUDENT266,19-22,Female,Private,81%,Yes,Yes,Bus,2,Sometimes,No,No,Yes,Yes,A
STUDENT267,19-22,Female,State,81%,Yes,Yes,Bus,0,Sometimes,Yes,Yes,Yes,No,C
STUDENT268,19,Male,State,81%,No,Yes,Private,0,Always,Yes,No,Yes,Yes,B
STUDENT269,19-23,Female,State,81%,No,No,Private,12,Always,Yes,No,No,No,A
STUDENT270,18,Female,State,82%,Yes,Yes,Bus,0,Always,No,No,Yes,Yes,B
STUDENT271,18,Female,State,82%,Yes,Yes,Private,0,Always,No,Yes,Yes,No,B
STUDENT272,18,Female,Private,82%,Yes,Yes,Bus,12,Sometimes,No,Yes,Yes,Yes,B
STUDENT273,18,Female,State,82%,No,No,Private,0,Never,No,No,No,Yes,A
STUDENT274,18,Female,State,82%,No,Yes,Bus,0,Never,No,No,No,Yes,C
STUDENT275,18,Female,State,82%,Yes,Yes,Private,0,Always,Yes,Yes,Yes,No,B
STUDENT276,18,Female,State,83%,Yes,Yes,Private,0,Always,Yes,Yes,No,No,A
STUDENT277,18,Female,Private,83%,No,Yes,Private,0,Sometimes,No,Yes,Yes,Yes,C
STUDENT278,18,Female,Private,83%,No,Yes,Private,0,Always,No,Yes,No,No,B
STUDENT279,18,Female,State,83%,No,No,Bus,0,Always,Yes,Yes,Yes,Yes,B
STUDENT280,18,Female,State,83%,No,Yes,Private,0,Sometimes,No,Yes,Yes,Yes,A
STUDENT281,19-23,Female,State,83%,Yes,Yes,Private,0,Never,No,No,Yes,Yes,B
STUDENT282,18,Female,State,83%,Yes,Yes,Bus,0,Sometimes,No,No,Yes,No,C
STUDENT283,18,Female,Private,84%,No,Yes,Private,0,Always,Yes,No,No,Yes,B
STUDENT284,18,Female,State,84%,Yes,Yes,Bus,12,Sometimes,No,No,Yes,Yes,C
STUDENT285,18,Female,State,84%,Yes,No,Bus,2,Sometimes,No,No,Yes,Yes,C
STUDENT286,19-23,Female,State,84%,Yes,Yes,Private,0,Always,No,Yes,No,Yes,C
STUDENT287,18,Female,State,84%,No,No,Private,0,Never,No,Yes,Yes,No,C
STUDENT288,18,Female,Private,84%,No,No,Private,0,Always,Yes,No,No,No,A
STUDENT289,19-23,Female,State,84%,Yes,Yes,Bus,12,Sometimes,No,Yes,No,Yes,C
STUDENT290,19,Female,Private,85%,No,No,Private,12,Always,Yes,No,Yes,No,B
STUDENT291,19-22,Male,State,63%,Yes,No,Private,0,Always,Yes,Yes,No,No,A
STUDENT292,19-22,Male,State,63%,Yes,No,Private,0,Always,Yes,No,Yes,Yes,A
STUDENT293,19-22,Male,State,63%,No,No,Private,2,Never,No,No,No,Yes,A
STUDENT294,20,Female,Private,63%,Yes,No,Bus,2,Always,No,Yes,No,No,A
STUDENT295,19-22,Male,Private,63%,No,No,Bus,12,Always,Yes,No,Yes,Yes,A
STUDENT296,19-22,Male,State,63%,No,No,Private,2,Always,Yes,No,Yes,Yes,B
STUDENT297,18,Male,State,63%,No,No,Private,0,Always,No,Yes,Yes,Yes,C
STUDENT298,18,Female,State,63%,Yes,Yes,Bus,2,Sometimes,No,Yes,Yes,Yes,B
STUDENT299,19-22,Female,State,63%,No,Yes,Bus,0,Always,No,No,No,Yes,C
STUDENT300,19-22,Female,State,64%,No,No,Bus,12,Never,No,Yes,No,No,C
STUDENT301,18,Female,Private,64%,No,No,Private,12,Sometimes,No,No,No,Yes,B
STUDENT302,18,Female,Private,64%,Yes,Yes,Private,8,Sometimes,No,Yes,No,Yes,C
STUDENT303,18,Female,Private,64%,No,No,Private,0,Always,Yes,No,No,No,C
STUDENT304,19-24,Female,State,64%,No,No,Private,0,Always,Yes,No,No,Yes,A
STUDENT305,23-29,Male,State,64%,Yes,Yes,Private,12,Never,No,No,Yes,Yes,B
STUDENT306,19-24,Male,State,64%,No,No,Private,0,Always,No,Yes,No,Yes,B
STUDENT307,20,Female,State,64%,No,Yes,Private,0,Always,Yes,No,No,No,A
STUDENT308,19-24,Male,State,64%,No,No,Private,0,Always,Yes,No,No,Yes,B
STUDENT309,18,Female,State,64%,No,No,Private,12,Always,Yes,No,No,No,B
STUDENT310,18,Male,Private,64%,No,No,Bus,2,Sometimes,No,No,Yes,No,B
STUDENT311,18,Male,State,64%,Yes,No,Bus,0,Never,No,No,Yes,No,A
STUDENT312,18,Male,State,64%,No,No,Bus,0,Never,No,No,No,No,A
STUDENT313,19-24,Male,State,64%,Yes,No,Bus,0,Always,Yes,Yes,Yes,No,B
STUDENT314,23-29,Male,State,64%,Yes,Yes,Private,12,Always,Yes,Yes,No,No,A
STUDENT315,19-22,Male,State,64%,No,No,Private,2,Always,Yes,No,Yes,No,B
STUDENT316,19-22,Male,State,64%,No,No,Bus,0,Always,No,Yes,No,No,B
STUDENT317,19-22,Male,State,64%,No,Yes,Bus,0,Always,Yes,Yes,No,No,A
STUDENT318,20,Male,Private,64%,Yes,No,Private,0,Always,Yes,Yes,Yes,No,A
STUDENT319,23-29,Male,State,64%,No,No,Bus,0,Never,No,No,No,No,B
STUDENT320,19-22,Male,State,64%,No,No,Private,0,Never,No,No,Yes,Yes,C
STUDENT321,19-22,Male,State,64%,Yes,Yes,Bus,0,Always,No,Yes,Yes,No,C
STUDENT322,23-29,Male,State,64%,Yes,No,Private,0,Always,No,Yes,No,No,B
STUDENT323,19-22,Female,State,64%,No,No,Private,2,Always,Yes,No,No,Yes,A
STUDENT324,19-22,Female,State,64%,Yes,No,Bus,0,Always,Yes,Yes,No,No,B
STUDENT325,18,Male,Private,64%,No,No,Bus,2,Always,Yes,No,Yes,No,B
STUDENT326,18,Male,Private,64%,No,No,Private,12,Always,Yes,Yes,No,No,A
STUDENT327,19-22,Male,Private,64%,Yes,No,Bus,12,Always,Yes,Yes,Yes,Yes,B
STUDENT328,19-22,Male,State,64%,Yes,Yes,Bus,2,Sometimes,No,No,Yes,Yes,A
STUDENT329,19-22,Male,State,64%,No,No,Private,0,Always,Yes,No,Yes,Yes,B
STUDENT330,19-22,Female,State,64%,No,No,Bus,0,Always,No,Yes,Yes,Yes,A
STUDENT331,20,Male,Private,64%,No,No,Private,2,Always,Yes,No,Yes,Yes,A
STUDENT332,23-29,Male,State,64%,Yes,No,Private,2,Always,No,Yes,No,Yes,A
STUDENT333,19-24,Male,State,64%,No,Yes,Private,0,Never,No,Yes,No,Yes,A
STUDENT334,20,Male,State,64%,No,No,Bus,0,Always,Yes,No,Yes,No,C
STUDENT335,19-24,Male,State,64%,No,No,Bus,0,Always,Yes,Yes,Yes,Yes,A
STUDENT336,20,Male,State,64%,No,No,Bus,8,Always,Yes,No,Yes,No,B
STUDENT337,19-22,Male,State,64%,No,No,Bus,0,Always,Yes,Yes,No,No,C
STUDENT338,19-22,Male,State,64%,No,No,Bus,0,Always,No,Yes,Yes,Yes,B
STUDENT339,18,Male,State,64%,No,Yes,Bus,0,Always,No,No,Yes,No,A
STUDENT340,18,Male,Private,64%,No,No,Private,2,Never,Yes,No,Yes,Yes,B
STUDENT341,19-22,Male,State,64%,No,No,Bus,2,Sometimes,Yes,Yes,Yes,Yes,A
STUDENT342,19-22,Female,State,65%,Yes,Yes,Private,0,Always,Yes,Yes,No,No,C
STUDENT343,19-22,Female,State,65%,Yes,No,Private,2,Always,Yes,Yes,Yes,No,A
STUDENT344,19-22,Female,State,65%,No,Yes,Private,2,Always,Yes,Yes,Yes,No,C
STUDENT345,19-22,Male,State,65%,No,No,Private,12,Never,No,Yes,No,Yes,B
STUDENT346,23-29,Male,State,65%,Yes,No,Bus,8,Always,No,Yes,Yes,No,B
STUDENT347,19-22,Male,State,65%,No,Yes,Private,0,Always,Yes,Yes,Yes,No,C
STUDENT348,19-22,Male,State,65%,Yes,Yes,Private,0,Always,Yes,Yes,No,No,C
STUDENT349,23-29,Male,State,65%,No,No,Bus,12,Always,Yes,Yes,Yes,No,B
STUDENT350,19-22,Male,State,65%,No,Yes,Bus,0,Always,Yes,Yes,No,No,C
STUDENT351,19-22,Female,State,65%,No,No,Private,12,Sometimes,Yes,Yes,Yes,No,B
STUDENT352,20,Male,State,65%,No,Yes,Private,2,Always,No,Yes,Yes,No,C
STUDENT353,19-22,Male,State,65%,No,No,Private,0,Never,No,No,Yes,Yes,B
STUDENT354,19-22,Male,State,65%,No,No,Bus,2,Always,Yes,Yes,Yes,No,C
STUDENT355,19-22,Male,State,65%,No,No,Private,0,Always,Yes,No,No,Yes,B
STUDENT356,20,Male,State,65%,No,No,Bus,12,Always,Yes,No,No,No,B
STUDENT357,19-22,Male,State,65%,No,No,Bus,0,Always,Yes,No,No,No,C
STUDENT358,19-22,Male,State,65%,Yes,Yes,Private,12,Always,No,No,No,No,A
STUDENT359,19-22,Female,State,65%,Yes,No,Private,0,Always,Yes,No,Yes,No,C
STUDENT360,19-22,Female,State,65%,No,No,Bus,0,Always,Yes,No,No,Yes,C
STUDENT361,18,Male,State,65%,No,Yes,Bus,0,Always,Yes,Yes,Yes,Yes,C
STUDENT362,18,Female,State,65%,No,No,Private,0,Always,No,Yes,Yes,No,C
STUDENT363,18,Male,State,65%,No,Yes,Bus,0,Always,No,Yes,Yes,Yes,C
STUDENT364,19-24,Male,State,65%,No,No,Private,0,Always,No,Yes,Yes,No,C
STUDENT365,18,Male,State,65%,No,No,Private,0,Always,Yes,No,No,No,C
STUDENT366,18,Male,State,65%,No,Yes,Private,0,Always,No,Yes,No,No,C
STUDENT367,19-24,Male,Private,65%,No,Yes,Private,2,Always,Yes,Yes,No,No,C
STUDENT368,20,Male,Private,65%,No,No,Bus,2,Sometimes,No,Yes,No,Yes,C
STUDENT369,19-22,Female,State,65%,Yes,Yes,Private,0,Always,Yes,Yes,Yes,No,C
STUDENT370,19-22,Male,State,65%,No,No,Private,0,Always,Yes,Yes,Yes,No,C
STUDENT371,19-22,Female,State,65%,Yes,No,Bus,0,Sometimes,Yes,Yes,Yes,Yes,C
STUDENT372,23-29,Male,State,65%,Yes,No,Private,0,Always,No,Yes,No,No,B
STUDENT373,19-22,Male,State,65%,Yes,No,Bus,2,Always,Yes,No,Yes,No,C
STUDENT374,19-22,Male,State,65%,No,No,Private,12,Always,Yes,Yes,No,Yes,C
STUDENT375,23-29,Male,State,65%,Yes,No,Bus,12,Always,No,Yes,No,No,C
STUDENT376,20,Male,State,65%,No,No,Private,2,Always,Yes,Yes,Yes,No,C
STUDENT377,19-22,Male,State,65%,No,No,Private,0,Never,No,No,Yes,Yes,C
STUDENT378,19-22,Male,State,65%,No,Yes,Private,2,Always,Yes,No,No,Yes,C
STUDENT379,20,Male,State,65%,No,Yes,Bus,0,Always,Yes,Yes,No,Yes,C
STUDENT380,19-22,Male,State,65%,No,No,Private,0,Always,Yes,No,No,No,C
STUDENT381,19-22,Female,State,65%,No,Yes,Bus,0,Sometimes,No,No,Yes,Yes,C
STUDENT382,19-22,Male,State,65%,Yes,Yes,Bus,0,Always,No,Yes,Yes,No,C
STUDENT383,18,Male,State,65%,No,No,Private,0,Always,Yes,No,No,No,C
STUDENT384,18,Male,State,65%,Yes,No,Bus,0,Always,No,Yes,No,No,C
STUDENT385,19-24,Male,State,85%,No,No,Bus,0,Always,Yes,No,No,No,C
STUDENT386,18,Male,State,85%,Yes,Yes,Bus,0,Sometimes,No,No,No,Yes,C
STUDENT387,18,Male,State,85%,No,Yes,Bus,0,Sometimes,No,No,No,No,C
STUDENT388,18,Male,State,85%,Yes,No,Private,0,Always,No,No,Yes,No,C
STUDENT389,18,Male,State,85%,No,Yes,Private,0,Never,No,No,No,Yes,C
STUDENT390,19-24,Male,State,85%,No,No,Private,0,Never,No,No,No,Yes,C
STUDENT391,18,Male,State,86%,No,No,Private,0,Sometimes,No,Yes,Yes,Yes,C
STUDENT392,18,Male,State,86%,No,No,Bus,2,Always,No,No,Yes,Yes,C
STUDENT393,18,Male,State,86%,No,No,Bus,0,Always,No,No,Yes,Yes,C
STUDENT394,18,Male,Private,86%,No,No,Bus,12,Always,No,Yes,Yes,No,C
STUDENT395,18,Female,State,86%,No,No,Private,0,Sometimes,No,Yes,No,Yes,B
STUDENT396,18,Male,State,86%,Yes,Yes,Private,0,Always,Yes,No,No,No,C
STUDENT397,18,Male,State,86%,No,Yes,Private,0,Always,No,No,No,Yes,C
STUDENT398,18,Female,State,87%,Yes,Yes,Private,0,Always,No,Yes,Yes,No,C
STUDENT399,19-24,Female,Private,87%,No,Yes,Private,2,Sometimes,Yes,Yes,No,Yes,C
